{"waypoint_1": {"name": "surface one", "pose": {"position": [3.046032428741455, -0.34903526306152344, 0], "orientation": [0, 0, 0.44746755142390743, 0.8943001679652604]}, "images": {}}, "waypoint_2": {"name": "surface two", "pose": {"position": [1.8704077005386353, -0.74894779920578, 0], "orientation": [0, 0, -0.6950183999436599, 0.7189919497044142]}, "images": {}}, "waypoint_3": {"name": "surface three", "pose": {"position": [0.2761564552783966, -0.11147916316986084, 0], "orientation": [0, 0, 0.7024402484234943, 0.711742718540021]}, "images": {}}}